CITRIXWEB-6,10.110.0.106
WACINET6,10.110.0.106
BZWEB-6,10.110.0.116
HOD-6,10.110.0.116
CS-WEB-T,10.110.0.240
DLCONNECT-T,10.110.0.240
DLCONNECT-V,10.110.0.240
IT-T,10.110.0.240
OVERLIB-T,10.110.0.240
SECLDAP-T,10.110.0.240
STORMTRACKER-V,10.110.0.240
EXTHOD,10.110.0.243
EXTHOD1,10.110.0.243
HOD,10.110.0.243
HODDUQLIGHT,10.110.0.243
HOD-T,10.110.0.243
HIGHLAND_SUB,10.120.4.1
HIGHLAND-EXTSW,10.120.4.1
CRAWFORD-100LIGHT,10.204.8.113
CRAWFORD-100-LIGHT,10.204.8.113
TRANSMISSIONINFO,10.210.14.10
TRANSMISSIONINFO-2FA,10.210.14.10
SCCITASSETS,10.210.200.97
SCCITIS,10.210.200.97
SCCSECLDAP,10.210.200.97
SCCVISITORTRACKING,10.210.200.97
PC6336,10.211.17.98
PC8964,10.211.17.98
MW7YFLBSUYAJE3,10.250.49.29
PC8744,10.250.49.29
MW75HDS31VG8LB,10.250.50.245
MW7SA82RFRZ2LZ,10.250.50.245
MW72PCF0W706FX,10.250.57.79
MW7FPDXC2WFCUL,10.250.57.79
LNAR-R86XA2K,10.250.60.202
MW7F5P549CGQCV,10.250.60.202
MW7HUZPXGS7S4H,10.250.60.22
MW7L7O79XVOL4O,10.250.60.22
KWGLLC-TOSH-POR,10.250.63.252
MW7IESHFFCFIYE,10.250.63.252
PC9371,10.250.9.130
PC9412,10.250.9.130
AMIRADIUS1,10.48.3.11
LASAMIQ4,10.48.3.11
ESXSCDTEST,10.7.7.12
ESX-TESTLAB,10.7.7.12
SREMOTE,10.70.0.4
SREMOTE-WR,10.70.0.4
PC9329,10.80.0.14
PC9910,10.80.0.14
PC8052,10.80.0.163
PC8126,10.80.0.163
PC8759,10.80.0.22
PC9118,10.80.0.22
PC8623,10.80.0.24
PC9505,10.80.0.24
PC8690,10.80.0.26
PC9517,10.80.0.26
PC7412,10.80.0.35
PC7801,10.80.0.35
PC8647,10.80.0.39
PC9405,10.80.0.39
PC8603,10.80.0.43
PC8774,10.80.0.43
PC7604,10.80.0.57
PC8285,10.80.0.57
PC7905,10.80.0.73
PC8060,10.80.0.73
PC9044,10.80.0.76
PC9621,10.80.0.76
AOCSP,10.88.104.125
WASSPPHDR2,10.88.104.125
DRAC-ESXPHMGMT01,10.88.104.71
IDRAC-ESXPHMGMT01,10.88.104.71
DRAC-ESXPHMGMT02,10.88.104.72
IDRAC-ESXPHMGMT02,10.88.104.72
DRAC-WHVPH05,10.88.106.105
DRAC-WHVPH06,10.88.106.105
DDPHTSM,10.88.106.80
DD-PH-TSM-CTL-01,10.88.106.80
UCUCSPH1,10.88.129.201
UCUSPH1,10.88.129.201
UCUCSPH2,10.88.129.202
UCUSPH2,10.88.129.202
NPHQPDUA1M,10.88.172.72
NPHQPDUAM,10.88.172.72
SPHDEXA2I,10.88.179.84
SPHDEXA2I-VIP,10.88.179.84
LOGSTASH-PH,10.88.183.105
PHSUPLASLSC1N2,10.88.183.105
HELPERVM05,10.88.4.108
LASPHIDM1,10.88.4.108
LASPHIDM1.IDM,10.88.4.108
DRAC-WDSSQL22,10.88.4.11
WDSSQLSHPT2,10.88.4.11
ADMONITOR,10.88.4.116
WAS2012MONT1,10.88.4.116
WASCTLMEM9P2,10.88.4.132
WASVC,10.88.4.132
KVM-PH-INTELRACK3,10.88.4.133
WASCTLMSV9T2,10.88.4.133
WDCPH1,10.88.4.14
WDQEDC3,10.88.4.14
BZWEB-T,10.88.4.153
SERVICECENTER-T,10.88.4.153
WACINETTEST,10.88.4.153
SHAREPOINT,10.88.4.160
WASMAXQ01,10.88.4.160
WASITSMPHD1,10.88.4.163
WASMPPH1,10.88.4.163
LDSPHTSM,10.88.4.164
TSMPH,10.88.4.164
RDSTESTFARM,10.88.4.187
WTSRDSPH2,10.88.4.187
DQE3494,10.88.4.24
VASPSCPH01,10.88.4.24
WFSDFS2,10.88.4.25
WWSCORP01,10.88.4.25
WASMUSER,10.88.4.32
WORKUPUSER,10.88.4.32
WASMSRCE,10.88.4.33
WORKUPSRCE,10.88.4.33
DEV3NEW,10.88.4.53
WASMTEST,10.88.4.53
WDSSQLNERC02T,10.88.4.53
WORKUPTEST,10.88.4.53
DQEESS2C1,10.88.4.64
WASSPPHT1,10.88.4.64
DQEESS2C2,10.88.4.65
WASSPPHT2,10.88.4.65
DQEESSNET2,10.88.4.66
WASSPPHT3,10.88.4.66
WASSPPHT4,10.88.4.67
WDSCOND,10.88.4.67
EQ-PH-DQE-07,10.88.4.79
PHUPSDC,10.88.4.79
DRAC-WDSPROPXOLAP1P,10.88.4.88
WASCSLD,10.88.4.88
WASFASTERT,10.88.4.88
WASPROJT,10.88.4.92
WASSPSRV2007,10.88.4.92
DRAC-ESXPH10,10.88.5.10
ESXPH10-DRAC,10.88.5.10
WASARCGIS02T,10.88.5.10
MAIL.DQE.COM,10.88.5.101
WMSEXCH2,10.88.5.101
HBASE.VASZENOSS1,10.88.5.108
OPENTSDB.VASZENOSS1,10.88.5.108
VASZENOSS1,10.88.5.108
ZENOSS5,10.88.5.108
ZENOSS5.VASZENOSS1,10.88.5.108
DRAC-WASGVPWAS2,10.88.5.165
DRAC-WASGVPWEB2,10.88.5.165
DRAC-WASGSIP3,10.88.5.167
DRAV-WASGSIP3,10.88.5.167
DRAC-WASGIW2,10.88.5.169
DRAC-WASJMUXPH,10.88.5.169
LASFOCT4,10.88.5.174
WASMAXT01,10.88.5.174
BCSXML-D,10.88.5.237
PUCBCS_CLOSEARCHIVE-D,10.88.5.237
PUCBCS_CREATEDXML-D,10.88.5.237
PUCBCS_ICLOSE-D,10.88.5.237
PUCBCS_ICONF-D,10.88.5.237
PUCBCS_INCLOSE-D,10.88.5.237
PUCBCS_INCONF-D,10.88.5.237
PUCBCS_INOPEN-D,10.88.5.237
PUCBCS_IOPEN-D,10.88.5.237
PUCBCS_XML-D,10.88.5.237
PUCBCS_OTHERSOUT-D,10.88.5.238
PUCBCS_XMLOUT-D,10.88.5.238
MASTERPIECE-T,10.88.5.24
WASDLGLT,10.88.5.24
CSRTOOLS-STG,10.88.5.251
DLWSUPPORT-STG,10.88.5.251
SUPPLIER-STG,10.88.5.251
WWSQA01,10.88.5.251
ESXPH10,10.88.5.5
WASVH2,10.88.5.5
DRAC-ESXPH06,10.88.5.6
DRAC-WASVH2,10.88.5.6
ADSCCBCONV,10.88.5.65
AOCWEB,10.88.5.65
WASAPP02P,10.88.5.65
DRAC-ESXPH07,10.88.5.7
ESXPH07-DRAC,10.88.5.7
WASGTSPH,10.88.5.7
DRAC-ESXPHMV90D02,10.88.5.77
MPEXTIPVIDEO,10.88.5.77
DRAC-ESXPH08,10.88.5.8
DRAC-WASGTSPH,10.88.5.8
ESXPH08-DRAC,10.88.5.8
DRAC-ESXPH09,10.88.5.9
ESXPH09-DRAC,10.88.5.9
WASARCGIS01T,10.88.5.9
SOCWEBT,10.88.6.112
WASAPP01T,10.88.6.112
LASFOCT22,10.88.6.115
WASSWSP1,10.88.6.115
RDBROKER,10.88.6.123
WRDCBP2,10.88.6.123
RDBROKER-T,10.88.6.124
WRDCBT2,10.88.6.124
CSRTOOLS-DEV,10.88.6.183
DLWSUPPORT-DEV,10.88.6.183
SUPPLIER-DEV,10.88.6.183
WWSDEV01,10.88.6.183
CSRTOOLS-TST,10.88.6.184
DLWSUPPORT-TST,10.88.6.184
SUPPLIER-TST,10.88.6.184
WWSTEST01,10.88.6.184
LDSPHTSM2,10.88.7.211
TSMPH2,10.88.7.211
PH-WSA-2,10.88.90.35
PH-WSA-P1-2,10.88.90.35
WASNVR01,10.89.64.57
WASNVR05,10.89.64.57
WASNVR02,10.89.64.58
WASNVR03,10.89.64.58
PC9842,10.89.65.212
PC9991,10.89.65.212
JDEVAPPA-LAP,10.89.74.19
PSLAT3,10.89.74.19
VIRTUALXP-92688,10.89.74.19
DRAC-WASGVPWAS1,10.90.12.113
IDRAC-WASGVPWAS1,10.90.12.113
DRAC-WASGMS1,10.90.12.118
US5M0HEC,10.90.12.118
US5M6SWC,10.90.12.118
DRAC-WASGMS2,10.90.12.119
DRAC-WDSGDB3,10.90.12.119
DRAC-WASGIW1,10.90.12.120
US5M1V5C,10.90.12.120
CUBS_DATA_TEST01,10.90.12.25
CUBSTESTFTP,10.90.12.25
WDCCORPNEW,10.90.12.48
WPSCHER,10.90.12.48
LNAR-R8V7FKX,10.90.21.194
PC8922,10.90.21.194
APOLLO,10.90.25.48
PC8784,10.90.25.48
PC7149,10.90.32.151
PC7643,10.90.32.151
PC8153,10.90.32.52
PC8883,10.90.32.52
DRAC-WASGIM,10.90.6.107
WASGDB2,10.90.6.107
PC9114,10.90.72.112
PC9670,10.90.72.112
NASCIS2,10.91.0.108
OPENCISPRD,10.91.0.108
DRAC-WMCEXCH1,10.91.0.115
WMCEXCH1-DRAC,10.91.0.115
XRT_FTP,10.91.0.139
XRTFTP,10.91.0.139
GC._MSDCS,10.91.0.167
WDCWR4,10.91.0.167
NOTES-MAIL,10.91.0.180
WMCNOTES1,10.91.0.180
WASRFAX,10.91.0.182
WEBFAX,10.91.0.182
DLCAPPS,10.91.0.185
WTSAPP2,10.91.0.185
DYNATEST,10.91.0.208
HODTEST,10.91.0.208
WASWAP0,10.91.0.208
OAS_D1,10.91.0.229
OAS_ER1,10.91.0.229
OAS_D2,10.91.0.230
OAS_ER2,10.91.0.230
OAS_ER,10.91.0.231
OAS_V,10.91.0.231
WASWMGT,10.91.0.235
WORKMANAGEMENT,10.91.0.235
BCS_D,10.91.0.236
BCS-D,10.91.0.236
CALLCENTER-D,10.91.0.236
CFSCHEDULE,10.91.0.236
CHECKFREEDEMO,10.91.0.236
COMMUNICATIONS_D,10.91.0.236
COMMUNICATIONS-D,10.91.0.236
CONTACTCENTER_D,10.91.0.236
CONTACTCENTER-D,10.91.0.236
HR_D,10.91.0.236
HR_NEW,10.91.0.236
HR-NEW,10.91.0.236
INFOCALLWEB_D,10.91.0.236
IT_D,10.91.0.236
IT_SECURE_D,10.91.0.236
IT-SECURE-D,10.91.0.236
ITSTATUS_D,10.91.0.236
ITSTATUS-D,10.91.0.236
ITTK_D,10.91.0.236
ITTK-D,10.91.0.236
LEGAL_D,10.91.0.236
LEGAL-D,10.91.0.236
MAINFRAME,10.91.0.236
OPERATIONSCENTER-T,10.91.0.236
ORAINFO,10.91.0.236
OUTAGE_D,10.91.0.236
PA_MAP_D,10.91.0.236
PA-MAP-D,10.91.0.236
PC_INFO_D,10.91.0.236
PC-INFO-D,10.91.0.236
POLR_D,10.91.0.236
POLR-D,10.91.0.236
PROSPECT-D,10.91.0.236
PRUC_D,10.91.0.236
PRUC-D,10.91.0.236
SCMB_D,10.91.0.236
SCMB-D,10.91.0.236
SECLDAP_D,10.91.0.236
SECURE_D,10.91.0.236
STARS,10.91.0.236
STDMANUAL,10.91.0.236
SURVEY1-D,10.91.0.236
TELECOMM-0,10.91.0.236
TELECOMM-D,10.91.0.236
TEMPLATE_D,10.91.0.236
TEMPLATE-D,10.91.0.236
TESTLIBRARY_D,10.91.0.236
TESTLIBRARY-D,10.91.0.236
WASITRA,10.91.0.236
WEBDEV_D1,10.91.0.236
WEBDEV_D2,10.91.0.236
WEBDEV_D3,10.91.0.236
WEBDEV_D4,10.91.0.236
WEBDEV_D5,10.91.0.236
WEBDEV_D6,10.91.0.236
WEBDEV_D7,10.91.0.236
WEBDEV_D8,10.91.0.236
WEBDEV_D9,10.91.0.236
WEBDEV_T1,10.91.0.236
WEBDEV-D1,10.91.0.236
WEBDEV-D2,10.91.0.236
WEBDEV-D3,10.91.0.236
WEBDEV-D4,10.91.0.236
WEBDEV-D5,10.91.0.236
WEBDEV-D6,10.91.0.236
WEBDEV-D7,10.91.0.236
WEBDEV-D8,10.91.0.236
WEBDEV-D9,10.91.0.236
WEBDEV-T1,10.91.0.236
WEBPROJECTS,10.91.0.236
WEBPROJECTS_D,10.91.0.236
WEBPROJECTS-D,10.91.0.236
WEBSITE_D,10.91.0.236
WEBSITE-D,10.91.0.236
WORKMGMT_D,10.91.0.236
WTS_D,10.91.0.236
WTS_WEB_D,10.91.0.236
WWW_D,10.91.0.236
WWWNEW,10.91.0.236
CORPSERV,10.91.0.32
CUSTOPER,10.91.0.32
DW,10.91.0.32
SMARTCOMFORT,10.91.0.32
ADSPRD,10.91.0.57
DRAC-ESXWR17,10.91.0.57
450_SWNETTEST,10.91.0.6
WR-F5-1,10.91.0.6
CUBS_DATA_PROD01,10.91.0.97
CUBSDEVFTP,10.91.0.97
CUBSPRODUCTION,10.91.0.97
CALLCENTERREPORTS,10.91.1.10
MAXIMOREPORTS,10.91.1.10
PC6864,10.91.103.228
W7P64LT-RHG,10.91.103.228
SIEMENS,10.91.160.2
WR2-1-WIRELESS-N91-160-2,10.91.160.2
SWRC-VIP,10.91.172.31
SWRP-VIP,10.91.172.31
LOGSTASH-WR,10.91.183.105
WRSUPLASLSC1N2,10.91.183.105
PC8003,10.91.25.218
PC8398,10.91.25.218
OPC_CONTROL3,10.91.252.50
OPC3,10.91.252.50
OPCCONTROL3,10.91.252.50
OS390S3,10.91.252.50
OPC_CONTROL0,10.91.252.58
OPC_CONTROL2,10.91.252.58
OPCCONTROL0,10.91.252.58
OPCCONTROL2,10.91.252.58
OS390,10.91.252.58
OS390S2,10.91.252.58
OS390S4,10.91.252.58
S390DB2P,10.91.252.58
S390DB2T,10.91.252.58
OAS_ERT,10.91.32.10
OAS_T,10.91.32.10
LASWRIDM1,10.91.36.108
LASWRIDM1.IDM,10.91.36.108
DB2SERVER,10.91.36.116
WDSDB2,10.91.36.116
ICA_NT,10.91.36.122
WRDAPP3,10.91.36.122
PUCBCS_ATTACHMENT,10.91.36.172
PUCREPORT,10.91.36.172
S0033,10.91.36.172
NOTES-WAP,10.91.36.18
WDSCFTP1,10.91.36.18
DRAC-WASKRON2,10.91.36.22
VASVCWR01,10.91.36.22
WASFALCON,10.91.36.225
WASLDAPT,10.91.36.225
WDSARCGIS01P,10.91.36.236
WDSSOLPORTAL,10.91.36.236
WASARCGIS03P,10.91.36.239
WFSFILE201656,10.91.36.239
PHONEGUIDELIVE,10.91.36.247
WASPHONE,10.91.36.247
PUCBCS_CLOSEARCHIVE,10.91.36.251
PUCBCS_CREATEDXML,10.91.36.251
PUCBCS_ICLOSE,10.91.36.251
PUCBCS_ICONF,10.91.36.251
PUCBCS_INCLOSE,10.91.36.251
PUCBCS_INCONF,10.91.36.251
PUCBCS_INOPEN,10.91.36.251
PUCBCS_IOPEN,10.91.36.251
PUCBCS_XML,10.91.36.251
REGCHECK,10.91.36.251
BCSXML,10.91.36.252
CHECKFREE_PROD,10.91.36.252
CKFREE,10.91.36.252
CREDIT-FTP,10.91.36.252
NCOFTP,10.91.36.252
PMRSDOCS,10.91.36.252
PUCBCS_OTHERSOUT,10.91.36.252
PUCBCS_XMLOUT,10.91.36.252
PUCSURVEY,10.91.36.253
WASWAP1,10.91.36.253
INTEL-R10,10.91.36.32
WR3-N91-36-32,10.91.36.32
DLCESX,10.91.36.33
DQEESX,10.91.36.33
INTEL-R9,10.91.36.38
WASITMGMT,10.91.36.38
PHONEREPORTS,10.91.36.39
PHONEREPORTS_D,10.91.36.39
WDSICALL,10.91.36.39
DOMAINDNSZONES,10.91.36.4
FORESTDNSZONES,10.91.36.4
WDCWR2,10.91.36.4
ANALYZER,10.91.36.45
ANALYZERDOCS,10.91.36.45
WASMDS,10.91.36.53
WDSSQLNERC01T,10.91.36.53
WORKUPADMIN,10.91.36.53
EXTR-REMOTE-CONNECT-1,10.91.36.6
WOODSRUN-2NDFLOOR-EXTSW,10.91.36.6
WOODSRUN3-2NDFLOOR-EXTSW,10.91.36.6
ADSMAX,10.91.36.69
WASCTLMEM9T1,10.91.36.69
PATROLT,10.91.36.79
SUPERPAGESPATT,10.91.36.79
WASTWS,10.91.36.79
CS-WEB-0,10.91.36.82
DLCONNECT-0,10.91.36.82
ETIME-0,10.91.36.82
ITIS-0,10.91.36.82
OPERATIONSCENTER-0,10.91.36.82
WEBDEV-0,10.91.36.82
WORKMGMT-0,10.91.36.82
BIZINFO,10.91.36.84
BUSINESSINTELLIGENCE,10.91.36.84
WASWAP2,10.91.36.84
SMTPMAIL,10.91.37.101
WMSEXCH1,10.91.37.101
DEVXP,10.91.37.122
WRDAPP1,10.91.37.122
BCREPORTER,10.91.37.138
WASOPNET,10.91.37.138
WRDCBT1,10.91.37.141
WRSL500,10.91.37.141
LASUCFES1,10.91.37.151
UC,10.91.37.151
WACINET19,10.91.37.155
WDSNETWORK,10.91.37.155
WWSARR,10.91.37.171
WWSARRTESTSITE,10.91.37.171
WASCERT02T,10.91.37.173
WASWSUS2A-NEW,10.91.37.173
AIXADSM,10.91.37.211
LDSWRTSM,10.91.37.211
TSMWR,10.91.37.211
CSRTOOLS,10.91.37.228
WWSPROD01,10.91.37.228
DRAC-WFSDQECOMM,10.91.37.24
IDRAC-WFSDQECOMM,10.91.37.24
VWFOCUST1,10.91.37.65
WASASXWRP1,10.91.37.65
SOCWEB,10.91.37.86
WASAPP01P,10.91.37.86
WACINET,10.91.38.184
WACINET4,10.91.38.184
BZWEB,10.91.38.193
BZWEB-3,10.91.38.193
CITRIXWEB,10.91.38.193
CITRIXWEB-3,10.91.38.193
LDSWRTSM2,10.91.38.211
TSMWR2,10.91.38.211
ES0001,10.91.66.71
WASCDBRN,10.91.66.71
DOC6180,10.91.66.73
WRPSA01,10.91.66.73
PC8276,10.91.66.84
TICKDB,10.91.66.84
DRAC-LASFOC9,10.91.71.109
DRAC-LASFOCP9,10.91.71.109
VDIWIN7PERSONA,10.91.73.135
VDWR607,10.91.73.135
VDHRT007,10.91.73.147
VDWRT01,10.91.73.147
VD-IT01,10.91.73.153
VDWR23,10.91.73.153
VDHRT005,10.91.73.205
VDWRT05,10.91.73.205
VDI,10.91.73.23
WASVDIWRP01,10.91.73.23
THINAPPTEST01,10.91.73.233
VDPT102,10.91.73.233
VD1001,10.91.73.40
VDIT3,10.91.73.40
DDWRTSM,10.91.76.80
DD-WR-TSM-CTL-01,10.91.76.80
DRAC-LDSWRTSM2,10.91.78.106
DRAC-WHVWR06,10.91.78.106
WR3_COMPUTERRM_PDU1,10.91.81.15
WRDCPDU1,10.91.81.15
WR_COMPUTERRM_PDU2,10.91.81.16
WRDCPDU2,10.91.81.16
WR3_UPS,10.91.81.40
WRBLDG3UPS,10.91.81.40
DLCPROXY,10.91.90.13
DLCPROXY_WR,10.91.90.13
DLCPROXY10,10.91.90.13
DLCPROXYLB,10.91.90.13
WRACCESSRTR,10.92.2.2
WR-ACCESS-RTR,10.92.2.2
DLCPAAM,10.92.5.21
PAAM_SERVER,10.92.5.21
AIXSERV1,10.92.5.27
EMPLOYEESELFSERVE,10.92.5.27
VASVROPSWR01,10.93.2.32
VROPS,10.93.2.32
SCADAKPI,10.95.3.122
WWCTRANSP02,10.95.3.122
CALENDAR1,10.95.3.223
DLCNEW,10.95.3.223
DLC-VEND1,10.95.3.223
SECURE1,10.95.3.223
WWCINET1,10.95.3.223
WWW1,10.95.3.223
CALENDAR2,10.95.3.224
DLC-VEND2,10.95.3.224
SECURE2,10.95.3.224
WWCINET2,10.95.3.225
WWW2,10.95.3.225
CALENDAR4,10.95.3.227
WWCINET4,10.95.3.227
CALENDAR5,10.95.3.228
WWCINET5,10.95.3.228
ESDOCS,10.95.3.229
NEWWWCINET,10.95.3.229
WWCINET,10.95.3.229
DLC-VEND,10.95.3.236
VPNCLIENT,10.95.3.236
FTP,10.95.3.245
WASFTP,10.95.3.245
EXTRANET,10.95.3.247
WEB1,10.95.3.247
MYBENEFITS,10.95.3.51
MYBENEFITS-TST,10.95.3.51
MYHR,10.95.3.51
MYHR-TST,10.95.3.51
MYPAYROLL,10.95.3.51
MYPAYROLL-TST,10.95.3.51
PAYROLLBACKOFFICE,10.95.3.51
PAYROLLBACKOFFICE-TST,10.95.3.51
WWCINET12,10.95.3.51
WWW,10.95.3.51
CUB31,172.16.2.101
WASMV90V502P,172.16.2.101
CUB32,172.16.2.102
WASMV90V503P,172.16.2.102
CUB33,172.16.2.103
CUB33.PRDMV90,172.16.2.103
WASMV90V504P,172.16.2.103
CUB34,172.16.2.104
CUB34.PRDMV90,172.16.2.104
WASMV90V505P,172.16.2.104
CUB35,172.16.2.105
CUB35.PRDMV90,172.16.2.105
WASMV90V506P,172.16.2.105
CUB36,172.16.2.106
CUB36.PRDMV90,172.16.2.106
WASMV90V507P,172.16.2.106
CUB41,172.16.2.107
WASMV90V508P,172.16.2.107
CUB42,172.16.2.108
WASMV90V509P,172.16.2.108
CUB43,172.16.2.109
WASMV90V510P,172.16.2.109
CUB44,172.16.2.110
WASMV90V511P,172.16.2.110
CUB45,172.16.2.111
WASMV90V512P,172.16.2.111
CUB46,172.16.2.112
WASMV90V541P,172.16.2.112
CUB51,172.16.2.113
WASMV90V542P,172.16.2.113
CUB52,172.16.2.114
WASMV90V543P,172.16.2.114
CUB53,172.16.2.115
WASMV90V544P,172.16.2.115
CUB54,172.16.2.116
WASMV90V545P,172.16.2.116
CUB55,172.16.2.117
WASMV90V546P,172.16.2.117
CUB56,172.16.2.118
WASMV90V547P,172.16.2.118
DLCPGH03,172.16.2.134
DLCPGH04,172.16.2.134
MVRSSERVER,172.16.2.150
MVRSSERVER.MVRS,172.16.2.150
ADSTFNW,172.16.2.7
WDSMV90,172.16.2.7
DCDLCPGH02,172.30.2.135
WDSMV90D,172.30.2.135
DRAC-LDSAMIQ4,172.30.3.52
WDSAMIQ5,172.30.3.52
DRAC-LDSAMIQ3,172.30.3.53
WDSAMIQ6,172.30.3.53
ASMINIST-EB51EF,192.168.102.129
VM6575,192.168.102.129
AZBIMODLER-VM,192.168.120.42
AZDOCCONTAIN-VM,192.168.120.42
MS,WDCWR4.DQE.COM.
NODE1,WDCWR4.DQE.COM.
NODE2,WDCWR4.DQE.COM.
